"covariate","scale","source_path","output_path","method","status","error_msg"
"Canopy Height","10m","D:/FIA_NEFIN/data/covariates/fine_10m/canopy_height_10m_2020_NE.tif","D:/FIA_NEFIN/data/covariates/fine_10m_preprocessed/canopy_height_10m_2020_NE.tif","skipped","skipped_exists",""
"NDVI (Sentinel-2)","10m","D:/FIA_NEFIN/data/covariates/fine_10m/S2_NDVI_10m_2020_2024.tif","D:/FIA_NEFIN/data/covariates/fine_10m_preprocessed/S2_NDVI_10m_2020_2024.tif","skipped","skipped_exists",""
"EVI (Sentinel-2)","10m","D:/FIA_NEFIN/data/covariates/fine_10m/S2_EVI_10m_2020_2024.tif","D:/FIA_NEFIN/data/covariates/fine_10m_preprocessed/S2_EVI_10m_2020_2024.tif","skipped","skipped_exists",""
"NBR (Sentinel-2)","10m","D:/FIA_NEFIN/data/covariates/fine_10m/S2_NBR_10m_2020_2024.tif","D:/FIA_NEFIN/data/covariates/fine_10m_preprocessed/S2_NBR_10m_2020_2024.tif","skipped","skipped_exists",""
"NDWI (Sentinel-2)","10m","D:/FIA_NEFIN/data/covariates/fine_10m/S2_NDWI_10m_2020_2024.tif","D:/FIA_NEFIN/data/covariates/fine_10m_preprocessed/S2_NDWI_10m_2020_2024.tif","skipped","skipped_exists",""
"Red Band (Sentinel-2)","10m","D:/FIA_NEFIN/data/covariates/fine_10m/S2_B4_10m_2020_2024.tif","D:/FIA_NEFIN/data/covariates/fine_10m_preprocessed/S2_B4_10m_2020_2024.tif","skipped","skipped_exists",""
"Green Band (Sentinel-2)","10m","D:/FIA_NEFIN/data/covariates/fine_10m/S2_B3_10m_2020_2024.tif","D:/FIA_NEFIN/data/covariates/fine_10m_preprocessed/S2_B3_10m_2020_2024.tif","skipped","skipped_exists",""
"Blue Band (Sentinel-2)","10m","D:/FIA_NEFIN/data/covariates/fine_10m/S2_B2_10m_2020_2024.tif","D:/FIA_NEFIN/data/covariates/fine_10m_preprocessed/S2_B2_10m_2020_2024.tif","skipped","skipped_exists",""
"Elevation","10m","D:/FIA_NEFIN/data/covariates/fine_10m/Elevation10m.tif","D:/FIA_NEFIN/data/covariates/fine_10m_preprocessed/Elevation10m.tif","skipped","skipped_exists",""
"Slope","10m","D:/FIA_NEFIN/data/covariates/fine_10m/Slope10m.tif","D:/FIA_NEFIN/data/covariates/fine_10m_preprocessed/Slope10m.tif","skipped","skipped_exists",""
"Aspect","10m","D:/FIA_NEFIN/data/covariates/fine_10m/Aspect10m.tif","D:/FIA_NEFIN/data/covariates/fine_10m_preprocessed/Aspect10m.tif","bilinear","success",""
"Mean Temperature","10m","D:/FIA_NEFIN/data/covariates/fine_10m/tmean.tif","D:/FIA_NEFIN/data/covariates/fine_10m_preprocessed/tmean.tif","bilinear","success",""
"Minimum Temperature","10m","D:/FIA_NEFIN/data/covariates/fine_10m/tmin.tif","D:/FIA_NEFIN/data/covariates/fine_10m_preprocessed/tmin.tif","bilinear","success",""
"Maximum Temperature","10m","D:/FIA_NEFIN/data/covariates/fine_10m/tmax.tif","D:/FIA_NEFIN/data/covariates/fine_10m_preprocessed/tmax.tif","bilinear","success",""
"Precipitation","10m","D:/FIA_NEFIN/data/covariates/fine_10m/ppt.tif","D:/FIA_NEFIN/data/covariates/fine_10m_preprocessed/ppt.tif","bilinear","success",""
"Canopy Height","250m","D:/FIA_NEFIN/data/covariates/coarse_250m/canopy_height_250m_2020_NE.tif","D:/FIA_NEFIN/data/covariates/coarse_250m_preprocessed/canopy_height_250m_2020_NE.tif","skipped","skipped_exists",""
"NDVI (MODIS)","250m","D:/FIA_NEFIN/data/covariates/coarse_250m/MODIS_NDVI_250m_2020_2024_NE.tif","D:/FIA_NEFIN/data/covariates/coarse_250m_preprocessed/MODIS_NDVI_250m_2020_2024_NE.tif","skipped","skipped_exists",""
"EVI (MODIS)","250m","D:/FIA_NEFIN/data/covariates/coarse_250m/MODIS_EVI_250m_2020_2024_NE.tif","D:/FIA_NEFIN/data/covariates/coarse_250m_preprocessed/MODIS_EVI_250m_2020_2024_NE.tif","skipped","skipped_exists",""
"NBR (MODIS)","250m","D:/FIA_NEFIN/data/covariates/coarse_250m/MODIS_NBR_250m_2020_2024_NE.tif","D:/FIA_NEFIN/data/covariates/coarse_250m_preprocessed/MODIS_NBR_250m_2020_2024_NE.tif","skipped","skipped_exists",""
"NDWI (MODIS)","250m","D:/FIA_NEFIN/data/covariates/coarse_250m/MODIS_NDWI_250m_2020_2024_NE.tif","D:/FIA_NEFIN/data/covariates/coarse_250m_preprocessed/MODIS_NDWI_250m_2020_2024_NE.tif","skipped","skipped_exists",""
"Red Band (MODIS)","250m","D:/FIA_NEFIN/data/covariates/coarse_250m/MODIS_RED_250m_2020_2024_NE.tif","D:/FIA_NEFIN/data/covariates/coarse_250m_preprocessed/MODIS_RED_250m_2020_2024_NE.tif","skipped","skipped_exists",""
"NIR Band (MODIS)","250m","D:/FIA_NEFIN/data/covariates/coarse_250m/MODIS_NIR_250m_2020_2024_NE.tif","D:/FIA_NEFIN/data/covariates/coarse_250m_preprocessed/MODIS_NIR_250m_2020_2024_NE.tif","skipped","skipped_exists",""
"Blue Band (MODIS)","250m","D:/FIA_NEFIN/data/covariates/coarse_250m/MODIS_BLUE_250m_2020_2024_NE.tif","D:/FIA_NEFIN/data/covariates/coarse_250m_preprocessed/MODIS_BLUE_250m_2020_2024_NE.tif","skipped","skipped_exists",""
"Green Band (MODIS)","250m","D:/FIA_NEFIN/data/covariates/coarse_250m/MODIS_GREEN_250m_2020_2024_NE.tif","D:/FIA_NEFIN/data/covariates/coarse_250m_preprocessed/MODIS_GREEN_250m_2020_2024_NE.tif","skipped","skipped_exists",""
"SWIR1 Band (MODIS)","250m","D:/FIA_NEFIN/data/covariates/coarse_250m/MODIS_SWIR1_250m_2020_2024_NE.tif","D:/FIA_NEFIN/data/covariates/coarse_250m_preprocessed/MODIS_SWIR1_250m_2020_2024_NE.tif","skipped","skipped_exists",""
"Elevation","250m","D:/FIA_NEFIN/data/covariates/coarse_250m/elevation_250m_NE.tif","D:/FIA_NEFIN/data/covariates/coarse_250m_preprocessed/elevation_250m_NE.tif","skipped","skipped_exists",""
"Slope","250m","D:/FIA_NEFIN/data/covariates/coarse_250m/slope_250m_NE.tif","D:/FIA_NEFIN/data/covariates/coarse_250m_preprocessed/slope_250m_NE.tif","skipped","skipped_exists",""
"Aspect","250m","D:/FIA_NEFIN/data/covariates/coarse_250m/aspect_250m_NE.tif","D:/FIA_NEFIN/data/covariates/coarse_250m_preprocessed/aspect_250m_NE.tif","skipped","skipped_exists",""
"Mean Temperature","250m","D:/FIA_NEFIN/data/covariates/coarse_250m/tmean.tif","D:/FIA_NEFIN/data/covariates/coarse_250m_preprocessed/tmean.tif","skipped","skipped_exists",""
"Minimum Temperature","250m","D:/FIA_NEFIN/data/covariates/coarse_250m/tmin.tif","D:/FIA_NEFIN/data/covariates/coarse_250m_preprocessed/tmin.tif","skipped","skipped_exists",""
"Maximum Temperature","250m","D:/FIA_NEFIN/data/covariates/coarse_250m/tmax.tif","D:/FIA_NEFIN/data/covariates/coarse_250m_preprocessed/tmax.tif","skipped","skipped_exists",""
"Precipitation","250m","D:/FIA_NEFIN/data/covariates/coarse_250m/ppt.tif","D:/FIA_NEFIN/data/covariates/coarse_250m_preprocessed/ppt.tif","skipped","skipped_exists",""
